1,Papadopoulos,Aggelos,Male,6985214763,teoalog@gmail.com,1
2,Aggelidis,Georgios,Male,6922576131,aggelidis@gmail.com,1
3,Giannouli,Maria,Female,6987402068,giannouli@gmail.com,1
4,Iliopoulos,Christos,Male,6956293048,iliopoulos@gmail.com,1
5,Daskalaki,Eleni,Female,6983917452,daskalaki@gmail.com,1
6,Eleftheriadis,Panagiotis,Male,6982991002,eleftheriadis@gmail.com,1
7,Kotzia,Despoina,Female,6936002746,kotzia@gmail.com,1
8,Vamvaka,Theodora,Female,6952442365,vamvaka@gmail.com,1
9,Zachos,Spyridon,Male,6966578423,zachos@gmail.com,1
10,Papageorgiou,Dimitrios,Male,6987456932,papageorgiou@gmail.com,1
11,Alexandri,Eleni,Female,6930128576,eleni.alexandri@yahoo.gr,1
12,Zografou,Sofia,Female,6939061283,zografou@gmail.com,1
13,Mastoris,Georgios,Male,6902351768,mastoris@gmail.com,1
14,Chrysikos,Panagiotis,Male,6978120935,chrysikos@gmail.com,1
15,Ferrakis,Ioannis,Male,6970126345,ferrakis@gmail.com,1
16,Fouskas,Leonidas,Male,6970281364,fouskas@gmail.com,2
17,Antonopoulos,Nikolaos,Male,6980617234,antonopoulos@gmail.com,2
18,Gkaravellou,Maria,Female,6958401243,gkaravellou@gmail.com,2
19,Mitsaki,Eftychia,Female,6912047831,EMitsaki@ccc.net,2
20,Sotiropoulos,Theodoros,Male,6978031274,sotiropoulos@gmail.com,2
21,Kravvaritis,Konstantinos,Male,6970128354,kravvaritis@gmail.com,2
22,Germakopoulou,Roumpini,Female,6920384912,germakopoulou@gmail.com,2
23,Melissourgos,Vasileios,Male,6910384528,melissourgos@gmail.com,2
24,Spanos,Ioannis,Male,6904261548,spanos@gmail.com,2
25,Martinakou,Evangelia,Female,6980127345,martinakou@gmail.com,2
26,Keratsa,Magdalini,Female,6980162735,keratsa@gmail.com,2
27,Giannakaki,Nikoleta,Female,6950129473,giannakaki@gmail.com,2
28,Christodoulopoulou,Panagiota,Female,6921735849,christodoulopoulou@gmail.com,2
29,Christodoulopoulou,Nikoleta,Female,6979026374,christodoulopoulos@gmail.com,2
30,Fragkou,Charikleia,Female,6936172940,fragkou@gmail.com,2
31,Georgitsi,Konstantina,Female,6950281935,georgitsi@gmail.com,3
32,Charalampopoulou,Adamantia,Female,6980271384,charalampopoulou@gmail.com,3
33,Stephens,Danae,Female,6970263712,stephens@gmail.com,3
34,Mitsakis,Nikolaos,Male,6920137842,mitsakis@gmail.com,3
35,Panou,Vasiliki,Female,6909372814,panou@gmail.com,3
36,Papasouli,Persefoni,Female,6932871504,papasouli@gmail.com,3
37,Stathaki,Eleana,Female,6970328164,stathaki@gmail.com,3
38,Spiliotopoulos,Nikiforos,Male,6932038651,spiliotopoulos@gmail.com,3
39,Kapidakis,Konstantinos,Male,6932740819,kapidakis@gmail.com,3
40,Katsaros,Theodoros,Male,6940397127,katsaros@gmail.com,3
41,Amaksilati,Ioanna,Female,6970317234,amaksilati@gmail.com,3
42,Apostolopoulou,Vasiliki,Female,6932017584,apostolopoulou@gmail.com,3
43,Efstratiadi,Fotini,Female,6902618463,efstratiadi@gmail.com,3
44,Kalyva,Paraskevi,Female,6970372819,kalyva@gmail.com,3
45,Kappe,Eleftheria,Female,6905829162,kappe@gmail.com,3
46,Kotsiaros,Thanasis,Male,6958492017,kotsiaros@gmail.com,4
47,Kostopoulos,Nikolaos,Male,6946195083,kostopoulos@gmail.com,4
48,Lyssea,Alexandra,Female,6979103749,lyssea@gmail.com,4
49,Meintani,Maria,Female,6968902618,meintani@gmail.com,4
50,Mistopoulou,Elisavet,Female,6988602716,mistopoulou@gmail.com,4
51,Bencomo,Alex,Male,6938690471,bencomo@gmail.com,4
52,Nikolopoulos,Georgios,Male,6939703712,nikolopoulos@gmail.com,4
53,Poulouki,Iro,Female,6908603618,poulouki@gmail.com,4
54,Seferis,Evangelos,Male,6970952815,seferis@gmail.com,4
55,Spentzos,Georgios,Male,6977601823,spentzos@gmail.com,4
56,Tentis,Nikolaos,Male,6978602615,tentis@gmail.com,4
57,Tsiachri,Maria-Eleni,Female,6989703612,tsiachri@gmail.com,4
58,Fasiani,Georgia,Female,6957591024,fasiani@gmail.com,4
59,Freskos,Stylianos,Male,6917591024,freskos@gmail.com,4
60,Psillakis,Konstantinos,Male,6977501823,psillakis@gmail.com,4
